"","test_sequences","DeepCas9_HL60_score","DeepCas9_mEL4_score","DeepCas9_293T_score","DeepCas9_score"
"1","GCACGCAACCGGCGGAAGGCCCGGTGGTGC","1.0229743719101","1.1956193447113","1.21619844436646","1.11547058820724"
"2","ACACGCTGCCCGATTACAGCCCGGGGGAAT","0.926294445991516","1.38516736030579","1.07538604736328","1.0627965092659"
"3","GGCCGCAGGACACGCACAGCCCGGAGGGTC","0.983560562133789","1.15590143203735","1.36139237880707","1.13137828111649"
"4","CCGTGCAAAAAGACGACGGCCGGGAGGGCT","0.843159317970276","0.949455618858337","1.08516597747803","0.937020576000214"
"5","AGGCGCTAGGCAAGCACGGCAAGGGGGGAG","1.08563041687012","0.822668671607971","1.08274281024933","1.03217178583145"
"6","GGAAATGTAATCTTTCTTCGGTTTGGGGCT","-0.0556637346744537","-0.194282859563828","-0.160625874996185","-0.114876201748848"
"7","ATTCATCTCGTCCGTTTCAGGTTTTGGAGT","-0.221675723791122","-0.118364006280899","-0.338740795850754","-0.236132901906967"
"8","GTGACTCTGGTCGAATTGTTATTTTGGAAT","-0.224061161279678","-0.0819637775421143","-0.223340183496475","-0.195425391197205"
"9","GAACTGGCAATCGCCTTGATGTTTGGGGGG","-0.101586818695068","-0.120764851570129","-0.184408038854599","-0.13026879131794"
"10","GTCCCTGGTATTGGATTGTTGTTCTGGAAA","-0.0283250212669373","-0.264413505792618","-0.233202248811722","-0.137005886435509"
