"","test_sequences","DeepCas9_HL60_score","DeepCas9_mEL4_score","DeepCas9_293T_score","DeepCas9_score"
"1","GTGCAGCGGGGCCCAGCAACGTCCCGGCCT","0.942165732383728","0.747918009757996","0.199058353900909","0.680383974313736"
"2","TGGTTAGGAAGGCCGGGACGTTGCTGGGCC","0.00140553712844849","-0.103425234556198","0.267365574836731","0.0602273941040039"
"3","AGCTGTGGACCCTCGTGAGCGACCCGGACA","0.975657343864441","0.367360979318619","0.384265094995499","0.676580396294594"
"4","CGTCTGTGTCCGGGTCGCTCACGAGGGTCC","1.29483258724213","0.765569388866425","1.01026082038879","1.10360841751099"
"5","TGGGTTCAGAGCACTGTATGAGGAGGGATT","0.880115866661072","0.834692478179932","0.674783885478973","0.809431594610214"
"6","CAGAGACACTGGTGTCATGGATGGAGGAAC","0.980627536773682","0.811140179634094","0.711656212806702","0.86603866815567"
"7","TTGGGCAGCACCTCCTTGGCAAACTGGCCC","0.00228756666183472","0.473185658454895","0.138770446181297","0.137412048876286"
"8","CCAAGTACTTCAAGCACAACAACATGGCTA","1.15274131298065","1.34288716316223","1.00939679145813","1.14776712656021"
"9","CTTATGACAGAGTGGAGCAAGAATGGGTCG","0.948352098464966","0.638146817684174","0.735532164573669","0.822465062141418"
"10","AGGTTGTGAAAGCTTATGACAGAGTGGAGC","0.854620337486267","0.830000877380371","1.08343839645386","0.918341863155365"
"11","CTGAATCAAGCCCAGATAGAAGTGCGGCTG","1.02985084056854","1.15224385261536","1.17981743812561","1.09931942224503"
"12","TGGTTAGGAAGGCCGGGACGTTGCTGGGCC","0.00140553712844849","-0.103425234556198","0.267365574836731","0.0602273941040039"
"13","CAGACGCGCTCATCTGCTGGAGCCCGGTAG","0.319417148828506","0.541261315345764","0.252351939678192","0.343666419386864"
"14","TTATGGTCTGTGGGAGAAATCAAAAGGGGA","0.626639246940613","0.779018402099609","0.26140496134758","0.547544792294502"
"15","CCTGGGGCGGCTCCGCGACGAGGCTGGCGG","0.582034707069397","0.329052746295929","0.161169439554214","0.405178734660149"
"16","TCAGCAAGCTGTGGACGCTTGTGGAGGAAA","1.08951723575592","0.92537260055542","0.675251364707947","0.932408547401428"
"17","TCTTGGATGAGCAAAGATTTGCAAAGGAAA","1.04692649841309","1.22136652469635","0.502807021141052","0.918578660488129"
"18","CTAAGTACTTCAAACACAATAACATGGCGA","1.03335857391357","1.1742045879364","0.623271942138672","0.938501787185669"
