"","test_sequences","DeepCas9_HL60_score","DeepCas9_mEL4_score","DeepCas9_293T_score","DeepCas9_score"
"1","TGCTGTGCTCTCCTCCAATGTTGTTGGACA","0.315207481384277","0.374736279249191","-0.152412980794907","0.186827102303505"
"2","TTCTCTCTTGTCCAACAACATTGGAGGAGA","0.455462336540222","1.08615696430206","0.797477245330811","0.684205734729767"
"3","CTCTTCTCTCTTGTCCAACAACATTGGAGG","0.515441715717316","0.611857533454895","-0.00808465480804443","0.377666968107224"
"4","TACTGGCAAGAGTTTGTACTTCGTGGGTAT","0.66035795211792","0.612260699272156","0.713106751441956","0.666563141345978"
"5","TGCAGGATATCTGGCCTGCCTTACTGGCAA","0.130160734057426","0.0361387133598328","0.142716184258461","0.115122964978218"
"6","ACGAAGTACAAACTCTTGCCAGTAAGGCAG","0.428446888923645","0.420995205640793","0.614538192749023","0.482783943414688"
"7","TCTGTGTCCGGATGGGATAGGTATAGGTAT","0.572575569152832","0.452883303165436","0.109961375594139","0.409852857887745"
"8","GAGGTGGTTGTTCTGTGTCCGGATGGGATA","0.648439884185791","0.422903180122375","0.40856522321701","0.531370145082474"
"9","GGGGGCTGGCTTCGATCCCCTAGGAGGTGG","0.90445351600647","1.01681697368622","0.894456386566162","0.923927068710327"
"10","GGCCTGGCCCACCGGGCCAGCCGCAGGGTT","0.571012616157532","0.191323176026344","0.533281683921814","0.483755448460579"
"11","CACCAACCCTGCGGCTGGCCCGGTGGGCCA","0.7387415766716","0.276469200849533","0.591633558273315","0.602154695987701"
"12","GTGGACTCCAGTCTTCCCCCGTGGTGGCTG","0.743264853954315","0.746387958526611","0.441612899303436","0.653393888473511"
"13","CGTCCGGCCGCCAGATCTTTTCCGAGGGGA","0.827055752277374","0.777166485786438","0.879615664482117","0.83284587264061"
"14","TCCCCTCGGAAAAGATCTGGCGGCCGGACG","0.295593649148941","0.154940620064735","0.368099540472031","0.289214810729027"
"15","GTGGCAGTCCTTCTGAGGGGACGCTGGCCC","0.273928612470627","0.302675843238831","0.155193045735359","0.244057388603687"
