"","test_sequences","DeepCas9_HL60_score","DeepCas9_mEL4_score","DeepCas9_293T_score","DeepCas9_score"
"1","GGAGTCTTTGTGTTACCTAAGGCGCGGGCC","0.866344451904297","0.733417570590973","0.831677436828613","0.829358971118927"
"2","GGGATGTTGCTGATCGCGTTGGCGAGGTCT","0.636142730712891","0.354171276092529","0.939894318580627","0.670873916149139"
"3","TCTTCCTCCGGGACAAAACGTGGCCGGAGG","0.135813623666763","0.748978137969971","0.443676888942719","0.350805506110191"
"4","TAAGAGCTTCAAGTCCCATACGGGCGGTGG","1.20682144165039","0.922325253486633","0.338165462017059","0.88932541012764"
"5","AGGCATGCGTTACCACCGCCCGTATGGGAC","0.0246282517910004","0.164018824696541","0.312099009752274","0.13874759376049"
"6","GAGCTTCAAGTCCCATACGGGCGGTGGTAA","0.472415864467621","0.686077117919922","0.502450525760651","0.52415851354599"
