"","test_sequences","DeepCas9_HL60_score","DeepCas9_mEL4_score","DeepCas9_293T_score","DeepCas9_score"
"1","GGTTAAAGAGAGAATCCGGTACTGTGGAAG","0.851327419281006","0.67672073841095","0.75395941734314","0.787195682525635"
"2","CTTGCTTTGCAGAGGATATCGACAAGGATC","0.614589512348175","0.765142917633057","0.632870078086853","0.650184363126755"
"3","CTAAATCCACTCCTTCCACAGTACCGGATT","0.419232845306396","0.567265927791595","-0.126175820827484","0.285216861963272"
